{"cameraMode":{"drawMode":0,"name":"Shaded","section":"Shading Mode"},"sceneLighting":true,"audioPlay":false,"sceneViewState":{"showFog":true,"showMaterialUpdate":false,"showSkybox":true,"showFlares":true,"showImageEffects":true,"showParticleSystems":true},"in2DMode":false,"pivot":{"x":0.4225679636001587,"y":0.2104349136352539,"z":0.05712944269180298},"rotation":{"x":-0.1917986124753952,"y":-0.2112918198108673,"z":0.042323801666498187,"w":-0.9574874639511108},"size":2.9277007579803469,"orthographic":false}